[{"type":"OPTIONS","time":"2024-06-08T10:47:59.934Z","url":"/product/create"},{"type":"POST","time":"2024-06-08T10:47:59.982Z","url":"/product/create"},{"type":"POST","time":"2024-06-08T10:48:01.293Z","url":"/product/create"},{"type":"OPTIONS","time":"2024-06-08T10:56:08.763Z","url":"/product/create"},{"type":"POST","time":"2024-06-08T10:56:08.768Z","url":"/product/create"},{"type":"POST","time":"2024-06-08T10:56:09.899Z","url":"/product/create"},{"type":"POST","time":"2024-06-08T10:56:13.737Z","url":"/product/create"},{"type":"OPTIONS","time":"2024-06-08T10:56:24.379Z","url":"/product/create"},{"type":"POST","time":"2024-06-08T10:56:24.384Z","url":"/product/create"},{"type":"POST","time":"2024-06-08T10:56:25.507Z","url":"/product/create"},{"type":"OPTIONS","time":"2024-06-08T10:57:03.396Z","url":"/product/create"},{"type":"POST","time":"2024-06-08T10:57:03.402Z","url":"/product/create"},{"type":"POST","time":"2024-06-08T10:57:07.110Z","url":"/product/create"},{"type":"OPTIONS","time":"2024-06-08T10:57:17.736Z","url":"/product/create"},{"type":"POST","time":"2024-06-08T10:57:17.742Z","url":"/product/create"},{"type":"POST","time":"2024-06-08T10:57:19.010Z","url":"/product/create"},{"type":"OPTIONS","time":"2024-06-08T10:59:21.544Z","url":"/product/create"},{"type":"POST","time":"2024-06-08T10:59:21.551Z","url":"/product/create"},{"type":"POST","time":"2024-06-08T10:59:22.865Z","url":"/product/create"},{"type":"OPTIONS","time":"2024-06-08T10:59:32.575Z","url":"/product/create"},{"type":"POST","time":"2024-06-08T10:59:32.581Z","url":"/product/create"},{"type":"POST","time":"2024-06-08T10:59:34.224Z","url":"/product/create"},{"type":"OPTIONS","time":"2024-06-08T10:59:52.995Z","url":"/product/create"},{"type":"POST","time":"2024-06-08T10:59:53.000Z","url":"/product/create"},{"type":"POST","time":"2024-06-08T10:59:54.196Z","url":"/product/create"},{"type":"OPTIONS","time":"2024-06-08T10:59:58.151Z","url":"/product/create"},{"type":"POST","time":"2024-06-08T10:59:58.156Z","url":"/product/create"}]